datetime;open;high;low;close
2026-07-04 00:00:00;1.13456;1.14137;1.12808;1.13702
2026-07-03 20:00:00;1.13021;1.14137;1.12682;1.1328
2026-07-03 16:00:00;1.11806;1.14436;1.1105;1.1316
2026-07-03 12:00:00;1.10941;1.12139;1.09724;1.11959
2026-07-03 08:00:00;1.10078;1.11166;1.09623;1.10941
2026-07-03 04:00:00;1.08814;1.10555;1.0877;1.10078
2026-07-03 00:00:00;1.08738;1.09438;1.08301;1.08814
2026-07-02 20:00:00;1.08486;1.08747;1.07284;1.0849
2026-07-02 16:00:00;1.09389;1.09389;1.08259;1.08486
2026-07-02 12:00:00;1.0821;1.11073;1.0821;1.09437
2026-07-02 08:00:00;1.05871;1.085;1.05502;1.0821
2026-07-02 04:00:00;1.06721;1.0674;1.05514;1.05917
2026-07-02 00:00:00;1.05275;1.06765;1.04485;1.06741
2026-07-01 20:00:00;1.05766;1.065;1.0509;1.05275
2026-07-01 16:00:00;1.05894;1.0636;1.05501;1.05766
2026-07-01 12:00:00;1.03761;1.06451;1.03458;1.05894
2026-07-01 08:00:00;1.0437;1.04844;1.03761;1.03761
2026-07-01 04:00:00;1.05222;1.05317;1.03957;1.04284
2026-07-01 00:00:00;1.04069;1.05268;1.02249;1.05222
2026-06-30 20:00:00;1.04648;1.04648;1.03875;1.03995
2026-06-30 16:00:00;1.03426;1.04817;1.03304;1.04648
2026-06-30 12:00:00;1.0375;1.04522;1.02812;1.03722
2026-06-30 08:00:00;1.04729;1.04729;1.0375;1.0375
2026-06-30 04:00:00;1.04479;1.04963;1.042;1.04776
2026-06-30 00:00:00;1.05742;1.05814;1.04404;1.04479
2026-06-29 20:00:00;1.0745;1.07486;1.05506;1.05737
2026-06-29 16:00:00;1.05092;1.07528;1.0425;1.07279
2026-06-29 12:00:00;1.05142;1.06473;1.04;1.05092
2026-06-29 08:00:00;1.04901;1.06;1.04308;1.05142
2026-06-29 04:00:00;1.0508;1.0536;1.03668;1.04895
2026-06-29 00:00:00;1.05092;1.05436;1.03289;1.04891
2026-06-28 20:00:00;1.04;1.05092;1.03388;1.05092
2026-06-28 16:00:00;1.0509;1.05191;1.04;1.04
2026-06-28 12:00:00;1.05094;1.05579;1.04476;1.0509
2026-06-28 08:00:00;1.05076;1.05782;1.04489;1.05094
2026-06-28 04:00:00;1.04676;1.05051;1.042;1.0485
2026-06-28 00:00:00;1.04553;1.05307;1.04531;1.04676
2026-06-27 20:00:00;1.05389;1.05466;1.04498;1.04571
2026-06-27 16:00:00;1.07507;1.07611;1.0521;1.05389
2026-06-27 12:00:00;1.05772;1.07527;1.05764;1.07507
2026-06-27 08:00:00;1.06005;1.06005;1.0536;1.05772
2026-06-27 04:00:00;1.06028;1.06279;1.05294;1.05978
2026-06-27 00:00:00;1.04782;1.06666;1.04388;1.06028
2026-06-26 20:00:00;1.05294;1.05416;1.03882;1.04782
2026-06-26 16:00:00;1.04595;1.05269;1.03981;1.05003
2026-06-26 12:00:00;1.02227;1.04819;1.01254;1.04555
2026-06-26 08:00:00;1.05001;1.05054;1.0205;1.02227
2026-06-26 04:00:00;1.03497;1.05161;1.02754;1.05031
2026-06-26 00:00:00;1.04362;1.0451;1.01;1.03529
2026-06-25 20:00:00;1.03376;1.04817;1.03207;1.04343
2026-06-25 16:00:00;1.03569;1.04743;1.02739;1.03376
2026-06-25 12:00:00;1.06967;1.07753;1.01291;1.03579
2026-06-25 08:00:00;1.08698;1.08698;1.06815;1.06967
2026-06-25 04:00:00;1.07057;1.08934;1.07044;1.08693
2026-06-25 00:00:00;1.07253;1.0767;1.06945;1.07057
2026-06-24 20:00:00;1.05781;1.07999;1.0552;1.07253
2026-06-24 16:00:00;1.05726;1.06957;1.04705;1.0575
2026-06-24 12:00:00;1.09429;1.09458;1.05686;1.05726
2026-06-24 08:00:00;1.09891;1.1025;1.0827;1.09851
2026-06-24 04:00:00;1.10466;1.10634;1.09566;1.09783
2026-06-24 00:00:00;1.10997;1.11261;1.09941;1.10466
2026-06-23 20:00:00;1.10388;1.11117;1.10337;1.10991
2026-06-23 16:00:00;1.09266;1.10482;1.09266;1.10442
2026-06-23 12:00:00;1.10911;1.10985;1.09266;1.09266
2026-06-23 08:00:00;1.11341;1.11358;1.09488;1.10911
2026-06-23 04:00:00;1.12636;1.12636;1.10814;1.11368
2026-06-23 00:00:00;1.12875;1.13283;1.123;1.12636
2026-06-22 20:00:00;1.13382;1.13739;1.12222;1.12875
2026-06-22 16:00:00;1.14;1.14232;1.13;1.13416
2026-06-22 12:00:00;1.14793;1.16296;1.1384;1.14
2026-06-22 08:00:00;1.13772;1.14909;1.13255;1.14793
2026-06-22 04:00:00;1.13001;1.13875;1.12877;1.13697
2026-06-22 00:00:00;1.12599;1.15018;1.12599;1.12819
2026-06-21 20:00:00;1.14484;1.14529;1.12342;1.1258
2026-06-21 16:00:00;1.14752;1.14876;1.13762;1.14484
2026-06-21 12:00:00;1.14232;1.15052;1.14042;1.14949
2026-06-21 08:00:00;1.14716;1.15189;1.14128;1.14232
2026-06-21 04:00:00;1.14887;1.15098;1.14299;1.14699
2026-06-21 00:00:00;1.14943;1.15003;1.14535;1.14921
2026-06-20 20:00:00;1.14342;1.15414;1.14342;1.14943
2026-06-20 16:00:00;1.14942;1.14942;1.13947;1.14342
2026-06-20 12:00:00;1.14959;1.15352;1.13394;1.14962
2026-06-20 08:00:00;1.14735;1.15228;1.14497;1.14959
2026-06-20 04:00:00;1.139;1.15394;1.13851;1.14717
2026-06-20 00:00:00;1.13707;1.14219;1.13593;1.139
2026-06-19 20:00:00;1.13144;1.13723;1.12807;1.13707
2026-06-19 16:00:00;1.13639;1.13738;1.1293;1.13144
2026-06-19 12:00:00;1.12638;1.1431;1.12018;1.13639
2026-06-19 08:00:00;1.12601;1.12942;1.1216;1.12638
2026-06-19 04:00:00;1.13928;1.13978;1.12222;1.12547
2026-06-19 00:00:00;1.14623;1.15281;1.13793;1.13928
2026-06-18 20:00:00;1.14647;1.15344;1.1431;1.14539
2026-06-18 16:00:00;1.13769;1.14901;1.136;1.14582
2026-06-18 12:00:00;1.16449;1.17067;1.1333;1.13823
2026-06-18 08:00:00;1.17923;1.1814;1.16212;1.16449
2026-06-18 04:00:00;1.17906;1.18078;1.16319;1.17863
2026-06-18 00:00:00;1.18702;1.19106;1.17809;1.17906
2026-06-17 20:00:00;1.17859;1.19088;1.17285;1.18572
2026-06-17 16:00:00;1.21227;1.22352;1.1784;1.17859
2026-06-17 12:00:00;1.19291;1.21248;1.18944;1.21227
2026-06-17 08:00:00;1.21032;1.21032;1.18888;1.19369
2026-06-17 04:00:00;1.21471;1.2211;1.20643;1.20916
2026-06-17 00:00:00;1.21747;1.22601;1.20832;1.21471
2026-06-16 20:00:00;1.21988;1.22444;1.21571;1.2167
2026-06-16 16:00:00;1.20899;1.23036;1.19204;1.21989
2026-06-16 12:00:00;1.23542;1.25485;1.2;1.211
2026-06-16 08:00:00;1.23524;1.25;1.23333;1.23542
2026-06-16 04:00:00;1.22564;1.23793;1.22094;1.23556
2026-06-16 00:00:00;1.23937;1.24057;1.21422;1.22564
2026-06-15 20:00:00;1.27031;1.27655;1.22879;1.23937
2026-06-15 16:00:00;1.26867;1.292;1.25899;1.27031
2026-06-15 12:00:00;1.23268;1.2689;1.2258;1.26867
2026-06-15 08:00:00;1.18133;1.23208;1.17937;1.23078
2026-06-15 04:00:00;1.18679;1.18768;1.18023;1.1811
2026-06-15 00:00:00;1.18564;1.19216;1.16685;1.18816
2026-06-14 20:00:00;1.13332;1.1875;1.13332;1.18564
2026-06-14 16:00:00;1.13433;1.13916;1.13077;1.13332
2026-06-14 12:00:00;1.14435;1.14461;1.12705;1.13433
2026-06-14 08:00:00;1.14658;1.1485;1.14165;1.14435
2026-06-14 04:00:00;1.15333;1.15333;1.14308;1.14634
2026-06-14 00:00:00;1.1501;1.15603;1.14814;1.15333
2026-06-13 20:00:00;1.1479;1.15496;1.14528;1.1501
2026-06-13 16:00:00;1.15663;1.15663;1.14342;1.1479
2026-06-13 12:00:00;1.1474;1.16006;1.1474;1.15503
2026-06-13 08:00:00;1.14192;1.149;1.14098;1.1474
2026-06-13 04:00:00;1.13449;1.14387;1.13127;1.14109
2026-06-13 00:00:00;1.13083;1.14038;1.13083;1.13449
2026-06-12 20:00:00;1.13202;1.13368;1.12854;1.13083
2026-06-12 16:00:00;1.13057;1.13748;1.12697;1.13157
2026-06-12 12:00:00;1.1408;1.15605;1.12713;1.12941
2026-06-12 08:00:00;1.1342;1.15157;1.1342;1.14137
2026-06-12 04:00:00;1.1449;1.15076;1.12901;1.13464
2026-06-12 00:00:00;1.14275;1.14941;1.13623;1.14424
2026-06-11 20:00:00;1.14108;1.1461;1.13283;1.14134
2026-06-11 16:00:00;1.10961;1.15;1.10464;1.14298
2026-06-11 12:00:00;1.1231;1.1231;1.10865;1.10961
2026-06-11 08:00:00;1.11568;1.12472;1.11515;1.12324
2026-06-11 04:00:00;1.12335;1.12335;1.11179;1.11519
2026-06-11 00:00:00;1.09782;1.12337;1.09782;1.12335
2026-06-10 20:00:00;1.10205;1.10267;1.08974;1.09782
2026-06-10 16:00:00;1.12888;1.12971;1.1;1.10205
2026-06-10 12:00:00;1.10517;1.1375;1.1035;1.13033
2026-06-10 08:00:00;1.11763;1.11763;1.10185;1.10517
2026-06-10 04:00:00;1.1189;1.12101;1.1071;1.1171
2026-06-10 00:00:00;1.13715;1.13878;1.11535;1.1189
2026-06-09 20:00:00;1.14043;1.1438;1.13414;1.13779
2026-06-09 16:00:00;1.12758;1.14681;1.11782;1.14069
2026-06-09 12:00:00;1.15512;1.16531;1.12771;1.12771
2026-06-09 08:00:00;1.17211;1.17211;1.15275;1.15522
2026-06-09 04:00:00;1.15541;1.17631;1.15151;1.17049
2026-06-09 00:00:00;1.16811;1.16952;1.1439;1.15541
2026-06-08 20:00:00;1.17867;1.18555;1.16784;1.16811
2026-06-08 16:00:00;1.1716;1.18595;1.16014;1.17867
2026-06-08 12:00:00;1.15796;1.18421;1.14735;1.17008
2026-06-08 08:00:00;1.148;1.1647;1.13507;1.15802
2026-06-08 04:00:00;1.15232;1.15232;1.13174;1.14737
2026-06-08 00:00:00;1.15507;1.16666;1.14285;1.15232
2026-06-07 20:00:00;1.12421;1.17127;1.12421;1.15507
2026-06-07 16:00:00;1.13283;1.15152;1.12151;1.12421
2026-06-07 12:00:00;1.1392;1.1392;1.11898;1.13283
2026-06-07 08:00:00;1.13734;1.16951;1.12992;1.1392
2026-06-07 04:00:00;1.11853;1.13723;1.11012;1.13675
2026-06-07 00:00:00;1.09366;1.12443;1.08959;1.11663
2026-06-06 20:00:00;1.0829;1.09411;1.078;1.09366
2026-06-06 16:00:00;1.0961;1.10064;1.07981;1.0829
2026-06-06 12:00:00;1.087;1.10942;1.0802;1.09457
2026-06-06 08:00:00;1.0921;1.10463;1.07263;1.087
2026-06-06 04:00:00;1.08707;1.10094;1.05;1.09349
2026-06-06 00:00:00;1.09913;1.11314;1.08445;1.08707
2026-06-05 20:00:00;1.09977;1.11898;1.08655;1.09666
2026-06-05 16:00:00;1.09964;1.12127;1.07;1.09977
2026-06-05 12:00:00;1.1181;1.13723;1.09342;1.09964
2026-06-05 08:00:00;1.13738;1.14279;1.11728;1.11877
2026-06-05 04:00:00;1.13338;1.1474;1.0904;1.13321
2026-06-05 00:00:00;1.16851;1.17435;1.13244;1.13338
2026-06-04 20:00:00;1.17557;1.17817;1.15595;1.16851
2026-06-04 16:00:00;1.16872;1.18366;1.16025;1.17557
2026-06-04 12:00:00;1.15637;1.18297;1.15209;1.16872
2026-06-04 08:00:00;1.16889;1.17099;1.14232;1.15578
2026-06-04 04:00:00;1.20906;1.21101;1.16806;1.16806
2026-06-04 00:00:00;1.20324;1.21087;1.14267;1.20906
2026-06-03 20:00:00;1.2023;1.2195;1.18717;1.20092
2026-06-03 16:00:00;1.22483;1.22818;1.20256;1.20398
2026-06-03 12:00:00;1.23634;1.23841;1.22142;1.22483
2026-06-03 08:00:00;1.24322;1.24434;1.23482;1.23634
2026-06-03 04:00:00;1.19806;1.24853;1.19806;1.24613
2026-06-03 00:00:00;1.21242;1.23157;1.19;1.19806
2026-06-02 20:00:00;1.22252;1.23227;1.19571;1.21303
2026-06-02 16:00:00;1.22112;1.24309;1.20645;1.22252
2026-06-02 12:00:00;1.26099;1.26761;1.21833;1.22112
2026-06-02 08:00:00;1.26939;1.26939;1.25761;1.26295
2026-06-02 04:00:00;1.28826;1.29001;1.26079;1.26963
2026-06-02 00:00:00;1.29733;1.29733;1.27047;1.28826
2026-06-01 20:00:00;1.29948;1.30129;1.28826;1.29708
2026-06-01 16:00:00;1.28354;1.30558;1.28053;1.29948
2026-06-01 12:00:00;1.3063;1.3063;1.28181;1.28181
2026-06-01 08:00:00;1.30497;1.30938;1.3;1.30386
2026-06-01 04:00:00;1.33017;1.33063;1.3044;1.3046
2026-06-01 00:00:00;1.33278;1.33992;1.31976;1.33208
2026-05-31 20:00:00;1.327;1.34179;1.327;1.33385
2026-05-31 16:00:00;1.33;1.33176;1.32148;1.327
2026-05-31 12:00:00;1.34097;1.34797;1.32871;1.33072
2026-05-31 08:00:00;1.33578;1.34237;1.33501;1.34097
2026-05-31 04:00:00;1.3443;1.34622;1.33382;1.33519
2026-05-31 00:00:00;1.33977;1.34548;1.33667;1.3443
2026-05-30 20:00:00;1.34805;1.35159;1.33852;1.33977
2026-05-30 16:00:00;1.34235;1.35374;1.34235;1.34884
2026-05-30 12:00:00;1.34064;1.34604;1.33866;1.34334
2026-05-30 08:00:00;1.34268;1.34576;1.33782;1.34064
2026-05-30 04:00:00;1.35009;1.35225;1.33769;1.34044
2026-05-30 00:00:00;1.33114;1.36567;1.32844;1.35009
2026-05-29 20:00:00;1.321;1.33086;1.31478;1.32974
2026-05-29 16:00:00;1.32322;1.33185;1.31034;1.321
2026-05-29 12:00:00;1.31204;1.33305;1.29629;1.32125
2026-05-29 08:00:00;1.31828;1.32721;1.31;1.31204
2026-05-29 04:00:00;1.31288;1.3207;1.30515;1.31721
2026-05-29 00:00:00;1.316;1.32044;1.30527;1.31288
2026-05-28 20:00:00;1.31739;1.32468;1.31151;1.31562
2026-05-28 16:00:00;1.31247;1.33777;1.30855;1.31739
2026-05-28 12:00:00;1.2883;1.31402;1.28198;1.3111
2026-05-28 08:00:00;1.29411;1.29589;1.28681;1.2883
2026-05-28 04:00:00;1.27917;1.29339;1.26847;1.29321
2026-05-28 00:00:00;1.30782;1.31063;1.276;1.27989
2026-05-27 20:00:00;1.33079;1.33409;1.30409;1.30828
2026-05-27 16:00:00;1.33647;1.33845;1.31807;1.33079
2026-05-27 12:00:00;1.33045;1.34302;1.31915;1.33647
2026-05-27 08:00:00;1.33217;1.33747;1.32805;1.33045
2026-05-27 04:00:00;1.32768;1.33704;1.32182;1.33217
2026-05-27 00:00:00;1.32926;1.33293;1.32721;1.32768
2026-05-26 20:00:00;1.33193;1.33414;1.32863;1.32925
2026-05-26 16:00:00;1.34492;1.34565;1.3274;1.33188
2026-05-26 12:00:00;1.35148;1.36504;1.33974;1.34555
2026-05-26 08:00:00;1.34046;1.35927;1.33982;1.3523
2026-05-26 04:00:00;1.3402;1.35065;1.33933;1.34056
2026-05-26 00:00:00;1.35056;1.35076;1.33469;1.3402
2026-05-25 20:00:00;1.35678;1.35937;1.34707;1.35056
2026-05-25 16:00:00;1.35912;1.36377;1.35439;1.35742
2026-05-25 12:00:00;1.35766;1.36523;1.35161;1.3593
2026-05-25 08:00:00;1.35909;1.36497;1.35633;1.3573
2026-05-25 04:00:00;1.34717;1.36091;1.3457;1.35877
2026-05-25 00:00:00;1.35122;1.35644;1.34393;1.347
2026-05-24 20:00:00;1.34892;1.35404;1.333;1.35213
2026-05-24 16:00:00;1.34803;1.35455;1.34619;1.34947
2026-05-24 12:00:00;1.36524;1.36524;1.33871;1.34818
2026-05-24 08:00:00;1.35975;1.37056;1.35787;1.36466
2026-05-24 04:00:00;1.36139;1.36455;1.35553;1.35944
2026-05-24 00:00:00;1.35867;1.36351;1.35771;1.36065
2026-05-23 20:00:00;1.34643;1.37555;1.34557;1.35819
2026-05-23 16:00:00;1.33616;1.35008;1.33497;1.34686
2026-05-23 12:00:00;1.32516;1.342;1.32421;1.336
2026-05-23 08:00:00;1.31247;1.32661;1.30749;1.32511
2026-05-23 04:00:00;1.34121;1.3414;1.30195;1.31217
2026-05-23 00:00:00;1.33463;1.34221;1.3274;1.34153
2026-05-22 20:00:00;1.33863;1.34413;1.33;1.33462
2026-05-22 16:00:00;1.35425;1.35948;1.3349;1.33863
2026-05-22 12:00:00;1.36129;1.3703;1.34778;1.35375
2026-05-22 08:00:00;1.36521;1.36856;1.35545;1.36169
2026-05-22 04:00:00;1.37196;1.37566;1.35704;1.36625
2026-05-22 00:00:00;1.37312;1.37454;1.365;1.37196
2026-05-21 20:00:00;1.37995;1.38102;1.36858;1.37321
2026-05-21 16:00:00;1.36184;1.38603;1.35757;1.37977
2026-05-21 12:00:00;1.36407;1.36856;1.35174;1.36136
2026-05-21 08:00:00;1.37636;1.38573;1.3638;1.36417
2026-05-21 04:00:00;1.38435;1.38542;1.36948;1.37632
2026-05-21 00:00:00;1.36684;1.38607;1.36684;1.38435
2026-05-20 20:00:00;1.37241;1.37249;1.36065;1.36749
2026-05-20 16:00:00;1.37454;1.37935;1.36519;1.3726
2026-05-20 12:00:00;1.36524;1.38017;1.35854;1.37418
2026-05-20 08:00:00;1.3684;1.37468;1.36427;1.36566
2026-05-20 04:00:00;1.35735;1.3734;1.35427;1.3682
2026-05-20 00:00:00;1.36159;1.36394;1.348;1.35609
2026-05-19 20:00:00;1.35733;1.3652;1.35333;1.36159
2026-05-19 16:00:00;1.36716;1.37409;1.35666;1.35735
2026-05-19 12:00:00;1.37203;1.38172;1.36099;1.36598
2026-05-19 08:00:00;1.38897;1.38897;1.36888;1.3727
2026-05-19 04:00:00;1.38288;1.39003;1.37893;1.39003
2026-05-19 00:00:00;1.39021;1.3976;1.37851;1.38353
2026-05-18 20:00:00;1.38819;1.39621;1.38287;1.38981
2026-05-18 16:00:00;1.37613;1.39081;1.36446;1.38808
2026-05-18 12:00:00;1.39;1.40207;1.36936;1.37615
2026-05-18 08:00:00;1.38724;1.39644;1.37628;1.39
2026-05-18 04:00:00;1.39346;1.3989;1.37801;1.38698
2026-05-18 00:00:00;1.4017;1.40279;1.38503;1.39346
2026-05-17 20:00:00;1.42234;1.42627;1.372;1.40211
2026-05-17 16:00:00;1.41307;1.42353;1.4069;1.42218
2026-05-17 12:00:00;1.42275;1.42658;1.40976;1.41322
2026-05-17 08:00:00;1.41845;1.42893;1.41412;1.42275
2026-05-17 04:00:00;1.41192;1.42143;1.41192;1.41819
2026-05-17 00:00:00;1.41395;1.41747;1.40267;1.41235
2026-05-16 20:00:00;1.41684;1.41843;1.41212;1.41382
2026-05-16 16:00:00;1.41447;1.42073;1.41373;1.41691
2026-05-16 12:00:00;1.41058;1.41522;1.40685;1.41459
2026-05-16 08:00:00;1.41658;1.41819;1.39451;1.41084
2026-05-16 04:00:00;1.43572;1.4364;1.405;1.41673
2026-05-16 00:00:00;1.43385;1.43941;1.43202;1.43572
2026-05-15 20:00:00;1.4347;1.43741;1.43017;1.43457
2026-05-15 16:00:00;1.43544;1.45115;1.43275;1.43429
2026-05-15 12:00:00;1.4667;1.46901;1.42781;1.43582
2026-05-15 08:00:00;1.46966;1.47663;1.46171;1.4667
2026-05-15 04:00:00;1.48856;1.49004;1.45378;1.46982
2026-05-15 00:00:00;1.48608;1.5;1.47623;1.48995
2026-05-14 20:00:00;1.51573;1.51662;1.48319;1.48517
2026-05-14 16:00:00;1.47326;1.54929;1.46455;1.5165
2026-05-14 12:00:00;1.43232;1.47393;1.43232;1.4725
2026-05-14 08:00:00;1.4326;1.43891;1.42769;1.43344
2026-05-14 04:00:00;1.42246;1.43915;1.42101;1.43252
2026-05-14 00:00:00;1.4278;1.43485;1.4217;1.42249
2026-05-13 20:00:00;1.41943;1.4278;1.41607;1.4278
2026-05-13 16:00:00;1.41359;1.4338;1.41307;1.41922
2026-05-13 12:00:00;1.44806;1.44955;1.41195;1.41363
2026-05-13 08:00:00;1.46275;1.46922;1.44761;1.44861
2026-05-13 04:00:00;1.45188;1.46473;1.45031;1.46278
2026-05-13 00:00:00;1.43722;1.45333;1.43563;1.45188
2026-05-12 20:00:00;1.44087;1.44407;1.4323;1.43669
2026-05-12 16:00:00;1.4242;1.44255;1.42023;1.44098
2026-05-12 12:00:00;1.4486;1.45582;1.41886;1.42465
2026-05-12 08:00:00;1.46284;1.47079;1.4441;1.44934
2026-05-12 04:00:00;1.4597;1.46899;1.4548;1.46268
2026-05-12 00:00:00;1.47645;1.48444;1.45667;1.46012
2026-05-11 20:00:00;1.47878;1.48249;1.4685;1.47761
2026-05-11 16:00:00;1.4847;1.48717;1.46663;1.47915
2026-05-11 12:00:00;1.45731;1.488;1.45278;1.48571
2026-05-11 08:00:00;1.44947;1.45722;1.44194;1.45722
2026-05-11 04:00:00;1.44748;1.45882;1.44268;1.44916
2026-05-11 00:00:00;1.4728;1.47747;1.43983;1.44748
2026-05-10 20:00:00;1.48469;1.48818;1.43692;1.47279
2026-05-10 16:00:00;1.44418;1.50726;1.44297;1.48469
2026-05-10 12:00:00;1.42322;1.44492;1.42099;1.44446
2026-05-10 08:00:00;1.41982;1.43022;1.41818;1.42342
2026-05-10 04:00:00;1.4171;1.42092;1.4155;1.41999
2026-05-10 00:00:00;1.42017;1.42185;1.41205;1.4171
2026-05-09 20:00:00;1.42402;1.42511;1.41962;1.42046
2026-05-09 16:00:00;1.41452;1.42461;1.41139;1.42402
2026-05-09 12:00:00;1.42221;1.42231;1.41182;1.41411
2026-05-09 08:00:00;1.42363;1.42514;1.41748;1.42204
2026-05-09 04:00:00;1.42973;1.43391;1.42251;1.42421
2026-05-09 00:00:00;1.4182;1.4346;1.41806;1.42871
2026-05-08 20:00:00;1.41879;1.42331;1.41112;1.41792
2026-05-08 16:00:00;1.39693;1.42641;1.39062;1.41844
2026-05-08 12:00:00;1.39165;1.39808;1.38433;1.3968
2026-05-08 08:00:00;1.384;1.39279;1.38279;1.39166
2026-05-08 04:00:00;1.38518;1.38724;1.37809;1.38399
2026-05-08 00:00:00;1.38725;1.38949;1.37939;1.38532
2026-05-07 20:00:00;1.38606;1.39312;1.38045;1.38747
2026-05-07 16:00:00;1.39046;1.39617;1.38442;1.38564
2026-05-07 12:00:00;1.40949;1.41491;1.38429;1.39021
2026-05-07 08:00:00;1.42007;1.421;1.40723;1.40949
2026-05-07 04:00:00;1.40504;1.42108;1.4047;1.42023
2026-05-07 00:00:00;1.42518;1.4253;1.40428;1.40525
2026-05-06 20:00:00;1.42801;1.42897;1.41681;1.42518
2026-05-06 16:00:00;1.4294;1.43454;1.42123;1.42803
2026-05-06 12:00:00;1.45055;1.45168;1.41333;1.4294
2026-05-06 08:00:00;1.4308;1.45666;1.4302;1.45055
2026-05-06 04:00:00;1.42228;1.43522;1.41484;1.43107
2026-05-06 00:00:00;1.41282;1.42423;1.40741;1.4224
2026-05-05 20:00:00;1.41284;1.42173;1.40987;1.41361
2026-05-05 16:00:00;1.41249;1.41483;1.40453;1.41293
2026-05-05 12:00:00;1.40728;1.42;1.40466;1.41201
2026-05-05 08:00:00;1.4064;1.40886;1.40171;1.40746
2026-05-05 04:00:00;1.40512;1.40957;1.39992;1.40655
2026-05-05 00:00:00;1.39168;1.4093;1.39069;1.40582
2026-05-04 20:00:00;1.39791;1.40115;1.39063;1.39243
2026-05-04 16:00:00;1.39904;1.41195;1.39372;1.39793
2026-05-04 12:00:00;1.39394;1.41321;1.389;1.39902
2026-05-04 08:00:00;1.41034;1.419;1.3859;1.39394
2026-05-04 04:00:00;1.41374;1.42055;1.40184;1.41052
2026-05-04 00:00:00;1.38773;1.41514;1.38273;1.4124
2026-05-03 20:00:00;1.39551;1.40387;1.38711;1.38777
2026-05-03 16:00:00;1.39583;1.3979;1.39229;1.39531
2026-05-03 12:00:00;1.39527;1.39863;1.39285;1.39486
2026-05-03 08:00:00;1.38621;1.39845;1.38621;1.39528
2026-05-03 04:00:00;1.38362;1.38847;1.38229;1.38685
2026-05-03 00:00:00;1.3941;1.39437;1.38172;1.38385
2026-05-02 20:00:00;1.39484;1.4;1.39027;1.39357
2026-05-02 16:00:00;1.39311;1.3952;1.38934;1.39466
2026-05-02 12:00:00;1.38566;1.39416;1.3848;1.39311
2026-05-02 08:00:00;1.3857;1.39043;1.38386;1.3856
2026-05-02 04:00:00;1.38586;1.38776;1.38286;1.38557
2026-05-02 00:00:00;1.38584;1.39003;1.38126;1.38623
2026-05-01 20:00:00;1.39395;1.39431;1.38113;1.38547
2026-05-01 16:00:00;1.39676;1.39829;1.38885;1.39361
2026-05-01 12:00:00;1.37808;1.3997;1.37782;1.3947
2026-05-01 08:00:00;1.37474;1.38059;1.37194;1.37805
2026-05-01 04:00:00;1.37709;1.37866;1.37204;1.37497
2026-05-01 00:00:00;1.36822;1.38011;1.36531;1.37665
2026-04-30 20:00:00;1.37023;1.37143;1.36482;1.36822
2026-04-30 16:00:00;1.36917;1.37416;1.36287;1.371
2026-04-30 12:00:00;1.36925;1.37514;1.36285;1.36897
2026-04-30 08:00:00;1.37509;1.37946;1.36656;1.36946
2026-04-30 04:00:00;1.37345;1.3753;1.35942;1.37482
2026-04-30 00:00:00;1.3703;1.38464;1.36762;1.37367
2026-04-29 20:00:00;1.35342;1.37247;1.35342;1.36957
2026-04-29 16:00:00;1.36111;1.37014;1.34572;1.35334
2026-04-29 12:00:00;1.39461;1.39461;1.35901;1.36175
2026-04-29 08:00:00;1.39203;1.40616;1.38904;1.39454
2026-04-29 04:00:00;1.38846;1.39693;1.3879;1.39208
2026-04-29 00:00:00;1.38032;1.38972;1.37732;1.38846
2026-04-28 20:00:00;1.38251;1.38431;1.37865;1.38101
2026-04-28 16:00:00;1.37493;1.38589;1.37066;1.3825
2026-04-28 12:00:00;1.38196;1.38438;1.36788;1.37493
2026-04-28 08:00:00;1.39306;1.39522;1.37929;1.38093
2026-04-28 04:00:00;1.39286;1.39652;1.38503;1.39246
2026-04-28 00:00:00;1.40087;1.40087;1.3887;1.39287
2026-04-27 20:00:00;1.39304;1.40184;1.38958;1.40087
2026-04-27 16:00:00;1.38744;1.39714;1.38557;1.39304
2026-04-27 12:00:00;1.41301;1.41485;1.38416;1.38802
2026-04-27 08:00:00;1.41417;1.41921;1.41277;1.41301
2026-04-27 04:00:00;1.44369;1.44369;1.41315;1.41472
2026-04-27 00:00:00;1.43122;1.44574;1.4256;1.44369
2026-04-26 20:00:00;1.43009;1.43466;1.42033;1.43228
2026-04-26 16:00:00;1.42919;1.43603;1.42258;1.43009
2026-04-26 12:00:00;1.43052;1.43153;1.42335;1.42874
2026-04-26 08:00:00;1.42923;1.43134;1.42594;1.43052
2026-04-26 04:00:00;1.41843;1.42872;1.41843;1.42666
2026-04-26 00:00:00;1.42369;1.42414;1.41799;1.41867
2026-04-25 20:00:00;1.42032;1.42522;1.41886;1.42369
2026-04-25 16:00:00;1.42528;1.42744;1.41932;1.42032
2026-04-25 12:00:00;1.43074;1.43195;1.42433;1.42562
2026-04-25 08:00:00;1.43322;1.43656;1.42977;1.43074
2026-04-25 04:00:00;1.43651;1.4367;1.43125;1.43366
2026-04-25 00:00:00;1.43319;1.43727;1.43233;1.43632
2026-04-24 20:00:00;1.43906;1.44215;1.42942;1.43319
2026-04-24 16:00:00;1.44857;1.44992;1.43381;1.43906
2026-04-24 12:00:00;1.43817;1.4474;1.42828;1.4472
2026-04-24 08:00:00;1.43279;1.43942;1.42399;1.43792
2026-04-24 04:00:00;1.43062;1.43362;1.42594;1.43216
2026-04-24 00:00:00;1.43891;1.44521;1.4286;1.43068
2026-04-23 20:00:00;1.42943;1.43986;1.42819;1.4381
2026-04-23 16:00:00;1.43177;1.44078;1.42113;1.42943
2026-04-23 12:00:00;1.41642;1.43669;1.41385;1.43177
2026-04-23 08:00:00;1.42101;1.42119;1.40917;1.41641
2026-04-23 04:00:00;1.4156;1.42459;1.4156;1.42028
2026-04-23 00:00:00;1.42991;1.43071;1.41176;1.41533
2026-04-22 20:00:00;1.44155;1.4424;1.42897;1.42938
2026-04-22 16:00:00;1.45667;1.45835;1.43799;1.44137
2026-04-22 12:00:00;1.45388;1.46235;1.44733;1.45745
2026-04-22 08:00:00;1.4549;1.45528;1.4486;1.45304
2026-04-22 04:00:00;1.44378;1.46016;1.44191;1.45453
2026-04-22 00:00:00;1.43428;1.45003;1.4267;1.44378
2026-04-21 20:00:00;1.41356;1.43362;1.41242;1.43362
2026-04-21 16:00:00;1.433;1.43544;1.4115;1.41356
2026-04-21 12:00:00;1.43957;1.44448;1.42563;1.43213
2026-04-21 08:00:00;1.43936;1.44936;1.43678;1.43973
2026-04-21 04:00:00;1.42403;1.4425;1.42383;1.44076
2026-04-21 00:00:00;1.42486;1.43075;1.41939;1.42392
2026-04-20 20:00:00;1.4301;1.43331;1.42133;1.42459
2026-04-20 16:00:00;1.43205;1.4362;1.42229;1.4301
2026-04-20 12:00:00;1.415;1.4345;1.40884;1.43272
2026-04-20 08:00:00;1.41537;1.42714;1.4077;1.41548
2026-04-20 04:00:00;1.41112;1.43214;1.39618;1.41514
2026-04-20 00:00:00;1.39356;1.41315;1.39356;1.41081
2026-04-19 20:00:00;1.41744;1.41752;1.39109;1.39389
2026-04-19 16:00:00;1.43147;1.43161;1.41148;1.41803
2026-04-19 12:00:00;1.43013;1.44671;1.4222;1.43078
2026-04-19 08:00:00;1.41985;1.43075;1.41338;1.43056
2026-04-19 04:00:00;1.42898;1.44282;1.41481;1.4203
2026-04-19 00:00:00;1.43246;1.43853;1.4241;1.42935
2026-04-18 20:00:00;1.42692;1.4379;1.4248;1.43353
2026-04-18 16:00:00;1.43588;1.43941;1.42374;1.42692
2026-04-18 12:00:00;1.43185;1.43948;1.42997;1.43618
2026-04-18 08:00:00;1.47407;1.47458;1.42484;1.43185
2026-04-18 04:00:00;1.46811;1.47667;1.46374;1.47358
2026-04-18 00:00:00;1.47514;1.48212;1.46683;1.46696
2026-04-17 20:00:00;1.48731;1.48917;1.47197;1.47598
2026-04-17 16:00:00;1.48572;1.50002;1.47309;1.48656
2026-04-17 12:00:00;1.4468;1.50922;1.44422;1.48563
2026-04-17 08:00:00;1.43707;1.45882;1.43227;1.44724
2026-04-17 04:00:00;1.43137;1.43933;1.42407;1.43728
2026-04-17 00:00:00;1.45227;1.45494;1.4225;1.43099
2026-04-16 20:00:00;1.44714;1.45861;1.44586;1.45281
2026-04-16 16:00:00;1.42953;1.45134;1.41426;1.45134
2026-04-16 12:00:00;1.4101;1.43412;1.39337;1.42941
2026-04-16 08:00:00;1.4055;1.42233;1.40184;1.40836
2026-04-16 04:00:00;1.40633;1.4125;1.40089;1.40451
2026-04-16 00:00:00;1.39235;1.41506;1.38729;1.40649
2026-04-15 20:00:00;1.39964;1.40199;1.3807;1.39176
2026-04-15 16:00:00;1.37285;1.40775;1.37234;1.39984
2026-04-15 12:00:00;1.36339;1.3834;1.36136;1.37384
2026-04-15 08:00:00;1.35199;1.36469;1.35074;1.36332
2026-04-15 04:00:00;1.35713;1.36135;1.35011;1.35162
2026-04-15 00:00:00;1.36168;1.36652;1.35545;1.35726
2026-04-14 20:00:00;1.3608;1.36555;1.35551;1.36119
2026-04-14 16:00:00;1.37453;1.38;1.35233;1.3608
2026-04-14 12:00:00;1.37027;1.39494;1.36522;1.37453
2026-04-14 08:00:00;1.36827;1.37577;1.36744;1.37027
2026-04-14 04:00:00;1.36662;1.37663;1.36047;1.36835
2026-04-14 00:00:00;1.37625;1.37625;1.35981;1.3665
2026-04-13 20:00:00;1.35438;1.38324;1.34303;1.37585
2026-04-13 16:00:00;1.33466;1.35517;1.33019;1.35418
2026-04-13 12:00:00;1.32532;1.3459;1.32329;1.33466
2026-04-13 08:00:00;1.32528;1.32971;1.32316;1.32561
2026-04-13 04:00:00;1.32599;1.33698;1.32;1.32665
2026-04-13 00:00:00;1.32645;1.33333;1.32437;1.32562
2026-04-12 20:00:00;1.33153;1.33852;1.32323;1.32645
2026-04-12 16:00:00;1.32447;1.33363;1.32377;1.33108
2026-04-12 12:00:00;1.33232;1.33453;1.32;1.32447
2026-04-12 08:00:00;1.32988;1.33323;1.32727;1.33305
2026-04-12 04:00:00;1.32998;1.3322;1.32767;1.32988
2026-04-12 00:00:00;1.35473;1.35561;1.32568;1.3303
2026-04-11 20:00:00;1.371;1.37243;1.35148;1.35473
2026-04-11 16:00:00;1.34565;1.375;1.34565;1.37078
2026-04-11 12:00:00;1.34574;1.34878;1.34;1.34565
2026-04-11 08:00:00;1.34671;1.34946;1.34276;1.34554
2026-04-11 04:00:00;1.35066;1.35173;1.34411;1.34632
2026-04-11 00:00:00;1.35538;1.3567;1.34973;1.35066
2026-04-10 20:00:00;1.36257;1.3655;1.35489;1.35538
2026-04-10 16:00:00;1.34773;1.36294;1.34758;1.36294
2026-04-10 12:00:00;1.34149;1.36054;1.33823;1.34701
2026-04-10 08:00:00;1.33725;1.34654;1.33563;1.34069
2026-04-10 04:00:00;1.34132;1.34835;1.33578;1.33709
2026-04-10 00:00:00;1.34335;1.34933;1.34037;1.34104
2026-04-09 20:00:00;1.35687;1.36859;1.34176;1.34285
2026-04-09 16:00:00;1.35256;1.36037;1.34693;1.35623
2026-04-09 12:00:00;1.32976;1.35492;1.32222;1.3523
2026-04-09 08:00:00;1.33213;1.33883;1.32568;1.32934
2026-04-09 04:00:00;1.33033;1.33574;1.3266;1.33198
2026-04-09 00:00:00;1.34281;1.34281;1.32672;1.33117
2026-04-08 20:00:00;1.35079;1.35707;1.33911;1.34309
2026-04-08 16:00:00;1.35464;1.36321;1.3447;1.35187
2026-04-08 12:00:00;1.37831;1.389;1.34571;1.35485
2026-04-08 08:00:00;1.37963;1.38652;1.3718;1.37757
2026-04-08 04:00:00;1.36997;1.38728;1.36935;1.37957
2026-04-08 00:00:00;1.37832;1.38375;1.35999;1.36968
2026-04-07 20:00:00;1.31432;1.39591;1.31386;1.37855
2026-04-07 16:00:00;1.29759;1.31593;1.29571;1.31356
2026-04-07 12:00:00;1.30643;1.31373;1.29511;1.29761
2026-04-07 08:00:00;1.31281;1.32448;1.30356;1.30637
2026-04-07 04:00:00;1.31677;1.32063;1.30587;1.31284
2026-04-07 00:00:00;1.32063;1.32497;1.31259;1.31701
2026-04-06 20:00:00;1.34093;1.34352;1.31257;1.32068
2026-04-06 16:00:00;1.35042;1.35323;1.33495;1.34132
2026-04-06 12:00:00;1.34974;1.35327;1.34102;1.35004
2026-04-06 08:00:00;1.34399;1.35705;1.33819;1.34912
2026-04-06 04:00:00;1.33855;1.34617;1.33614;1.34382
2026-04-06 00:00:00;1.32668;1.348;1.32591;1.33803
2026-04-05 20:00:00;1.30072;1.33165;1.29708;1.32638
2026-04-05 16:00:00;1.29673;1.30675;1.29673;1.30046
2026-04-05 12:00:00;1.29831;1.30549;1.27909;1.29658
2026-04-05 08:00:00;1.29773;1.3041;1.29686;1.29876
2026-04-05 04:00:00;1.31315;1.31513;1.29587;1.29786
2026-04-05 00:00:00;1.31541;1.319;1.31059;1.31351
2026-04-04 20:00:00;1.31829;1.31859;1.31385;1.31499
2026-04-04 16:00:00;1.31266;1.32242;1.31097;1.31829
2026-04-04 12:00:00;1.31113;1.31649;1.30702;1.31266
2026-04-04 08:00:00;1.3161;1.31643;1.30712;1.31113
2026-04-04 04:00:00;1.31572;1.32071;1.31531;1.31591
2026-04-04 00:00:00;1.3183;1.31892;1.31325;1.31587
2026-04-03 20:00:00;1.31723;1.32211;1.31244;1.3183
2026-04-03 16:00:00;1.31863;1.32528;1.31348;1.31741
2026-04-03 12:00:00;1.32031;1.33478;1.31448;1.31889
2026-04-03 08:00:00;1.31874;1.3239;1.30955;1.32029
2026-04-03 04:00:00;1.32147;1.32567;1.31439;1.3186
2026-04-03 00:00:00;1.32012;1.32357;1.30313;1.32161
2026-04-02 20:00:00;1.30759;1.32244;1.30519;1.31939
2026-04-02 16:00:00;1.29945;1.31113;1.29546;1.30811
2026-04-02 12:00:00;1.29997;1.30369;1.28043;1.30023
2026-04-02 08:00:00;1.31755;1.31755;1.29916;1.30028
2026-04-02 04:00:00;1.313;1.32082;1.30543;1.31736
2026-04-02 00:00:00;1.34756;1.35689;1.30679;1.31307
2026-04-01 20:00:00;1.35042;1.35667;1.34279;1.34738
2026-04-01 16:00:00;1.3575;1.36824;1.34643;1.35064
2026-04-01 12:00:00;1.35451;1.36015;1.34555;1.35723
2026-04-01 08:00:00;1.35655;1.35875;1.34904;1.35458
2026-04-01 04:00:00;1.34801;1.36717;1.33629;1.35663
2026-04-01 00:00:00;1.34061;1.35117;1.33164;1.34801
2026-03-31 20:00:00;1.34549;1.35021;1.33321;1.3412
2026-03-31 16:00:00;1.31497;1.34641;1.31468;1.34508
2026-03-31 12:00:00;1.31569;1.33848;1.31155;1.31466
2026-03-31 08:00:00;1.31963;1.32351;1.30409;1.31487
2026-03-31 04:00:00;1.32627;1.32967;1.3147;1.31912
2026-03-31 00:00:00;1.32432;1.34749;1.3193;1.32591
2026-03-30 20:00:00;1.32265;1.33398;1.31991;1.32308
2026-03-30 16:00:00;1.34536;1.34536;1.31684;1.32316
2026-03-30 12:00:00;1.35015;1.3559;1.33563;1.3455
2026-03-30 08:00:00;1.35833;1.36624;1.34504;1.35015
2026-03-30 04:00:00;1.35241;1.36092;1.34724;1.35798
2026-03-30 00:00:00;1.32848;1.35526;1.32465;1.3518
2026-03-29 20:00:00;1.31825;1.33233;1.29536;1.32766
2026-03-29 16:00:00;1.32575;1.32969;1.31683;1.3181
2026-03-29 12:00:00;1.33788;1.33788;1.32157;1.32575
2026-03-29 08:00:00;1.33397;1.34007;1.3309;1.33821
2026-03-29 04:00:00;1.33849;1.3429;1.32853;1.33374
2026-03-29 00:00:00;1.33314;1.34098;1.33038;1.33845
2026-03-28 20:00:00;1.34526;1.34802;1.33117;1.33354
2026-03-28 16:00:00;1.35365;1.35443;1.34249;1.34484
2026-03-28 12:00:00;1.34019;1.35829;1.33662;1.35227
2026-03-28 08:00:00;1.3411;1.34323;1.33463;1.34035
2026-03-28 04:00:00;1.32728;1.34197;1.32599;1.34102
2026-03-28 00:00:00;1.32595;1.32935;1.31929;1.32725
2026-03-27 20:00:00;1.32558;1.33297;1.32056;1.32571
2026-03-27 16:00:00;1.33621;1.3377;1.31858;1.32594
2026-03-27 12:00:00;1.33515;1.34572;1.32631;1.33618
2026-03-27 08:00:00;1.35906;1.36093;1.32728;1.33518
2026-03-27 04:00:00;1.36463;1.36842;1.35617;1.3591
2026-03-27 00:00:00;1.36126;1.37246;1.3583;1.36422
2026-03-26 20:00:00;1.34482;1.37028;1.34456;1.36086
2026-03-26 16:00:00;1.36033;1.36666;1.33665;1.34441
2026-03-26 12:00:00;1.37144;1.38309;1.35389;1.36073
2026-03-26 08:00:00;1.38608;1.3867;1.36875;1.37143
2026-03-26 04:00:00;1.40167;1.40567;1.38009;1.38554
2026-03-26 00:00:00;1.41458;1.41624;1.39641;1.40167
2026-03-25 20:00:00;1.41155;1.42213;1.40981;1.41445
2026-03-25 16:00:00;1.40764;1.42096;1.40489;1.41103
2026-03-25 12:00:00;1.42902;1.43218;1.40203;1.40745
2026-03-25 08:00:00;1.42047;1.43747;1.41282;1.42872
2026-03-25 04:00:00;1.41328;1.42635;1.41134;1.42008
2026-03-25 00:00:00;1.41627;1.42483;1.40724;1.41325
2026-03-24 20:00:00;1.38752;1.41769;1.3863;1.41569
2026-03-24 16:00:00;1.40067;1.40365;1.384;1.38804
2026-03-24 12:00:00;1.42324;1.4234;1.39567;1.40089
2026-03-24 08:00:00;1.43133;1.43337;1.41355;1.42309
2026-03-24 04:00:00;1.41421;1.43239;1.40446;1.43109
2026-03-24 00:00:00;1.4334;1.4351;1.40866;1.41452
2026-03-23 20:00:00;1.43428;1.43984;1.42424;1.43238
2026-03-23 16:00:00;1.43155;1.44645;1.42672;1.43499
2026-03-23 12:00:00;1.41154;1.46546;1.40216;1.43132
2026-03-23 08:00:00;1.373;1.44443;1.36172;1.41152
2026-03-23 04:00:00;1.38176;1.39655;1.3624;1.37288
2026-03-23 00:00:00;1.38584;1.39308;1.37463;1.38122
2026-03-22 20:00:00;1.38544;1.39311;1.37163;1.38493
2026-03-22 16:00:00;1.39269;1.39603;1.38134;1.38496
2026-03-22 12:00:00;1.39086;1.40674;1.39079;1.39306
2026-03-22 08:00:00;1.40337;1.40383;1.38567;1.3909
2026-03-22 04:00:00;1.41677;1.42044;1.40335;1.40335
2026-03-22 00:00:00;1.40872;1.42626;1.39351;1.4173
2026-03-21 20:00:00;1.43723;1.44256;1.40094;1.40872
2026-03-21 16:00:00;1.43821;1.4418;1.43419;1.43785
2026-03-21 12:00:00;1.44262;1.4468;1.43434;1.43818
2026-03-21 08:00:00;1.44392;1.44545;1.43673;1.44261
2026-03-21 04:00:00;1.44639;1.45274;1.44397;1.44397
2026-03-21 00:00:00;1.44495;1.44971;1.44235;1.44629
2026-03-20 20:00:00;1.43591;1.45238;1.42899;1.44521
2026-03-20 16:00:00;1.43749;1.44311;1.42493;1.43551
2026-03-20 12:00:00;1.4492;1.45261;1.42836;1.43742
2026-03-20 08:00:00;1.45446;1.46624;1.4434;1.44888
2026-03-20 04:00:00;1.45305;1.46309;1.44371;1.45441
2026-03-20 00:00:00;1.44755;1.46039;1.44543;1.45301
2026-03-19 20:00:00;1.44438;1.45579;1.44282;1.44733
2026-03-19 16:00:00;1.43145;1.45278;1.42198;1.445
2026-03-19 12:00:00;1.4584;1.4584;1.42452;1.43157
2026-03-19 08:00:00;1.46139;1.47078;1.45201;1.45835
2026-03-19 04:00:00;1.47294;1.48112;1.45107;1.46145
2026-03-19 00:00:00;1.46406;1.47846;1.45593;1.47411
2026-03-18 20:00:00;1.44924;1.47176;1.44228;1.4648
2026-03-18 16:00:00;1.44047;1.46673;1.4359;1.44914
2026-03-18 12:00:00;1.48957;1.49083;1.43968;1.44102
2026-03-18 08:00:00;1.51989;1.52748;1.48414;1.48964
2026-03-18 04:00:00;1.53914;1.54132;1.51506;1.52005
2026-03-18 00:00:00;1.51816;1.53982;1.50926;1.53898
2026-03-17 20:00:00;1.53322;1.53658;1.51758;1.51811
2026-03-17 16:00:00;1.51361;1.5406;1.50185;1.53338
2026-03-17 12:00:00;1.50964;1.5219;1.49642;1.51353
2026-03-17 08:00:00;1.5301;1.53272;1.50239;1.5097
2026-03-17 04:00:00;1.54423;1.55244;1.50495;1.52992
2026-03-17 00:00:00;1.54144;1.60687;1.53432;1.54433
2026-03-16 20:00:00;1.53003;1.55211;1.52357;1.54296
2026-03-16 16:00:00;1.4938;1.54397;1.49179;1.52844
2026-03-16 12:00:00;1.46976;1.51589;1.46966;1.49305
2026-03-16 08:00:00;1.48259;1.48887;1.4645;1.46968
2026-03-16 04:00:00;1.46734;1.4882;1.46734;1.48258
2026-03-16 00:00:00;1.44862;1.47977;1.43559;1.46734
2026-03-15 20:00:00;1.41261;1.46441;1.41053;1.44882
2026-03-15 16:00:00;1.41505;1.42396;1.40911;1.41281
2026-03-15 12:00:00;1.41954;1.42987;1.41282;1.41542
2026-03-15 08:00:00;1.40772;1.4205;1.40772;1.41954
2026-03-15 04:00:00;1.41281;1.42066;1.40557;1.40762
2026-03-15 00:00:00;1.40658;1.42004;1.40207;1.41208
2026-03-14 20:00:00;1.39036;1.40821;1.38899;1.40638
2026-03-14 16:00:00;1.39028;1.39367;1.38722;1.39038
2026-03-14 12:00:00;1.39233;1.39476;1.38783;1.39045
2026-03-14 08:00:00;1.39411;1.39701;1.38797;1.39246
2026-03-14 04:00:00;1.40092;1.40433;1.385;1.39418
2026-03-14 00:00:00;1.39763;1.40368;1.39238;1.40103
2026-03-13 20:00:00;1.40112;1.4058;1.39011;1.39913
2026-03-13 16:00:00;1.40891;1.41489;1.39008;1.40092
2026-03-13 12:00:00;1.4197;1.45252;1.4062;1.40881
2026-03-13 08:00:00;1.41542;1.4382;1.41288;1.41992
2026-03-13 04:00:00;1.41211;1.42678;1.40723;1.41517
2026-03-13 00:00:00;1.38411;1.42386;1.38319;1.41171
2026-03-12 20:00:00;1.37895;1.38941;1.37136;1.38502
2026-03-12 16:00:00;1.37933;1.38566;1.37008;1.37884
2026-03-12 12:00:00;1.38767;1.39254;1.36459;1.37933
2026-03-12 08:00:00;1.37656;1.39293;1.37423;1.38793
2026-03-12 04:00:00;1.37403;1.3785;1.36642;1.37657
2026-03-12 00:00:00;1.38466;1.3857;1.37;1.37411
2026-03-11 20:00:00;1.38992;1.3965;1.38218;1.38446
2026-03-11 16:00:00;1.38115;1.40685;1.38061;1.3897
2026-03-11 12:00:00;1.37342;1.4111;1.3706;1.38233
2026-03-11 08:00:00;1.37862;1.38099;1.37241;1.37347
2026-03-11 04:00:00;1.37885;1.391;1.37415;1.37834
2026-03-11 00:00:00;1.38655;1.39256;1.37838;1.37917
2026-03-10 20:00:00;1.38484;1.39457;1.37852;1.38635
2026-03-10 16:00:00;1.43063;1.43651;1.37978;1.38461
2026-03-10 12:00:00;1.39103;1.44195;1.38119;1.43063
2026-03-10 08:00:00;1.38751;1.41924;1.38751;1.39073
2026-03-10 04:00:00;1.37507;1.38952;1.37324;1.38687
2026-03-10 00:00:00;1.36281;1.39211;1.36064;1.3752
2026-03-09 20:00:00;1.37292;1.37892;1.36047;1.36303
2026-03-09 16:00:00;1.3599;1.38373;1.35594;1.37351
2026-03-09 12:00:00;1.35046;1.37294;1.34966;1.35989
2026-03-09 08:00:00;1.34156;1.36353;1.33963;1.35016
2026-03-09 04:00:00;1.35143;1.35862;1.33319;1.34088
2026-03-09 00:00:00;1.34033;1.36541;1.33801;1.35075
2026-03-08 20:00:00;1.35657;1.36208;1.32241;1.34016
2026-03-08 16:00:00;1.34568;1.36005;1.33832;1.35657
2026-03-08 12:00:00;1.3577;1.35909;1.34169;1.34588
2026-03-08 08:00:00;1.36076;1.37128;1.35457;1.35771
2026-03-08 04:00:00;1.34868;1.36256;1.34169;1.36026
2026-03-08 00:00:00;1.35634;1.3602;1.34466;1.34844
2026-03-07 20:00:00;1.35043;1.35919;1.35043;1.35634
2026-03-07 16:00:00;1.3566;1.36458;1.3469;1.35043
2026-03-07 12:00:00;1.36978;1.36978;1.35489;1.35716
2026-03-07 08:00:00;1.36732;1.37337;1.36322;1.36999
2026-03-07 04:00:00;1.36637;1.36838;1.36069;1.36709
2026-03-07 00:00:00;1.36346;1.37493;1.36268;1.36652
2026-03-06 20:00:00;1.36378;1.37157;1.35388;1.36356
2026-03-06 16:00:00;1.3563;1.36637;1.34614;1.364
2026-03-06 12:00:00;1.39494;1.39723;1.35119;1.35642
2026-03-06 08:00:00;1.4079;1.4081;1.39255;1.39527
2026-03-06 04:00:00;1.40535;1.40853;1.39193;1.40773
2026-03-06 00:00:00;1.40412;1.41437;1.39806;1.40526
2026-03-05 20:00:00;1.41163;1.42016;1.40191;1.40366
2026-03-05 16:00:00;1.41631;1.42327;1.3961;1.41139
2026-03-05 12:00:00;1.43637;1.44266;1.40993;1.41627
2026-03-05 08:00:00;1.41345;1.45241;1.40962;1.43622
2026-03-05 04:00:00;1.41943;1.43106;1.40896;1.41311
2026-03-05 00:00:00;1.43096;1.43584;1.41577;1.41957
2026-03-04 20:00:00;1.45619;1.46519;1.41653;1.43067
2026-03-04 16:00:00;1.46252;1.47243;1.43549;1.45619
2026-03-04 12:00:00;1.39877;1.46354;1.38268;1.46256
2026-03-04 08:00:00;1.37524;1.42525;1.36938;1.39889
2026-03-04 04:00:00;1.35295;1.37698;1.34551;1.37522
2026-03-04 00:00:00;1.36004;1.36974;1.34529;1.35305
2026-03-03 20:00:00;1.36289;1.36926;1.3489;1.36012
2026-03-03 16:00:00;1.36467;1.38697;1.35383;1.36238
2026-03-03 12:00:00;1.35323;1.37065;1.33724;1.3651
2026-03-03 08:00:00;1.36362;1.36883;1.3425;1.35303
2026-03-03 04:00:00;1.37307;1.37761;1.35795;1.36382
2026-03-03 00:00:00;1.39034;1.39499;1.36778;1.37314
2026-03-02 20:00:00;1.40075;1.4065;1.38608;1.39033
2026-03-02 16:00:00;1.40082;1.4232;1.38341;1.40066
2026-03-02 12:00:00;1.35139;1.41533;1.33444;1.40046
2026-03-02 08:00:00;1.34742;1.36276;1.33856;1.35125
2026-03-02 04:00:00;1.37391;1.37493;1.33794;1.34689
2026-03-02 00:00:00;1.35178;1.38052;1.35178;1.37391
2026-03-01 20:00:00;1.3556;1.37162;1.33716;1.35238
2026-03-01 16:00:00;1.37873;1.38622;1.35385;1.3565
2026-03-01 12:00:00;1.37607;1.40304;1.36186;1.37793
2026-03-01 08:00:00;1.39805;1.39969;1.36705;1.37601
2026-03-01 04:00:00;1.41916;1.42155;1.38864;1.39783
2026-03-01 00:00:00;1.377;1.43301;1.36546;1.41864
2026-02-28 20:00:00;1.35429;1.392;1.3513;1.37631
2026-02-28 16:00:00;1.32367;1.35898;1.31493;1.35439
2026-02-28 12:00:00;1.29326;1.35043;1.29217;1.32391
2026-02-28 08:00:00;1.30287;1.3069;1.27063;1.29312
2026-02-28 04:00:00;1.35513;1.35796;1.29052;1.30327
2026-02-28 00:00:00;1.35612;1.36525;1.35317;1.35444
2026-02-27 20:00:00;1.35136;1.35687;1.33878;1.3564
2026-02-27 16:00:00;1.35732;1.36422;1.3387;1.35098
2026-02-27 12:00:00;1.38248;1.38537;1.35232;1.35734
2026-02-27 08:00:00;1.41701;1.4262;1.38053;1.38248
2026-02-27 04:00:00;1.4079;1.42158;1.40407;1.41695
2026-02-27 00:00:00;1.4027;1.41297;1.39374;1.4079
2026-02-26 20:00:00;1.407;1.4132;1.38829;1.40269
2026-02-26 16:00:00;1.4212;1.42318;1.38248;1.40728
2026-02-26 12:00:00;1.43702;1.44578;1.40823;1.42111
2026-02-26 08:00:00;1.43429;1.45651;1.43429;1.43659
2026-02-26 04:00:00;1.44104;1.46905;1.43079;1.43416
2026-02-26 00:00:00;1.43297;1.44721;1.41878;1.44194
2026-02-25 20:00:00;1.46643;1.49317;1.41896;1.43365
2026-02-25 16:00:00;1.44129;1.47646;1.43777;1.46635
2026-02-25 12:00:00;1.38389;1.4454;1.38112;1.44112
2026-02-25 08:00:00;1.36586;1.38496;1.36306;1.38391
2026-02-25 04:00:00;1.36942;1.37519;1.35321;1.3658
2026-02-25 00:00:00;1.34826;1.39936;1.34113;1.37006
2026-02-24 20:00:00;1.3564;1.36319;1.34148;1.3482
2026-02-24 16:00:00;1.35168;1.36856;1.34508;1.35581
2026-02-24 12:00:00;1.33383;1.3527;1.31244;1.35155
2026-02-24 08:00:00;1.3269;1.33564;1.32174;1.33397
2026-02-24 04:00:00;1.33268;1.34227;1.32203;1.32687
2026-02-24 00:00:00;1.35191;1.36225;1.32749;1.33148
2026-02-23 20:00:00;1.35681;1.36732;1.35026;1.35208
2026-02-23 16:00:00;1.37046;1.37842;1.34875;1.35723
2026-02-23 12:00:00;1.39685;1.42424;1.36718;1.37086
2026-02-23 08:00:00;1.37153;1.40598;1.36221;1.39663
2026-02-23 04:00:00;1.34154;1.37836;1.33625;1.37148
2026-02-23 00:00:00;1.39352;1.39484;1.3306;1.34154
2026-02-22 20:00:00;1.38671;1.40186;1.38039;1.39281
2026-02-22 16:00:00;1.39348;1.39478;1.38348;1.38671
2026-02-22 12:00:00;1.42367;1.42377;1.38635;1.39348
2026-02-22 08:00:00;1.42132;1.42605;1.41627;1.42367
2026-02-22 04:00:00;1.42351;1.42578;1.4175;1.42125
2026-02-22 00:00:00;1.43014;1.43371;1.41848;1.42371
2026-02-21 20:00:00;1.44314;1.44325;1.43;1.43047
2026-02-21 16:00:00;1.45065;1.45185;1.43642;1.44329
2026-02-21 12:00:00;1.44424;1.46414;1.43594;1.45001
2026-02-21 08:00:00;1.43085;1.44616;1.42743;1.44381
2026-02-21 04:00:00;1.42576;1.43527;1.42464;1.43086
2026-02-21 00:00:00;1.42891;1.43336;1.41961;1.425
2026-02-20 20:00:00;1.42304;1.43146;1.4147;1.42919
2026-02-20 16:00:00;1.42885;1.43867;1.40817;1.42351
2026-02-20 12:00:00;1.40499;1.43046;1.37865;1.42735
2026-02-20 08:00:00;1.41957;1.4283;1.40334;1.40519
2026-02-20 04:00:00;1.41342;1.42371;1.4007;1.41954
2026-02-20 00:00:00;1.4067;1.42867;1.40527;1.41288
2026-02-19 20:00:00;1.41175;1.41471;1.39525;1.40661
2026-02-19 16:00:00;1.39722;1.41831;1.38235;1.4119
2026-02-19 12:00:00;1.40933;1.41427;1.38595;1.39748
2026-02-19 08:00:00;1.43224;1.4341;1.40614;1.40922
2026-02-19 04:00:00;1.42934;1.43765;1.40542;1.43244
2026-02-19 00:00:00;1.42254;1.4302;1.41539;1.429
2026-02-18 20:00:00;1.42374;1.43339;1.41077;1.42213
2026-02-18 16:00:00;1.47671;1.47725;1.41935;1.42314
2026-02-18 12:00:00;1.46625;1.48865;1.45208;1.47656
2026-02-18 08:00:00;1.48732;1.494;1.46364;1.46624
2026-02-18 04:00:00;1.47946;1.48868;1.47543;1.48694
2026-02-18 00:00:00;1.47427;1.48317;1.46368;1.47909
2026-02-17 20:00:00;1.48562;1.49321;1.47093;1.474
2026-02-17 16:00:00;1.4578;1.49474;1.45737;1.48546
2026-02-17 12:00:00;1.4526;1.46309;1.42752;1.45762
2026-02-17 08:00:00;1.47304;1.47614;1.45;1.4526
2026-02-17 04:00:00;1.48308;1.4887;1.46935;1.47304
2026-02-17 00:00:00;1.48721;1.49323;1.47353;1.48296
2026-02-16 20:00:00;1.47493;1.49341;1.46886;1.48759
2026-02-16 16:00:00;1.47471;1.49469;1.47111;1.47518
2026-02-16 12:00:00;1.48444;1.51623;1.46185;1.47439
2026-02-16 08:00:00;1.46151;1.51402;1.46137;1.48369
2026-02-16 04:00:00;1.46135;1.47578;1.4486;1.46098
2026-02-16 00:00:00;1.47465;1.48724;1.4535;1.46161
2026-02-15 20:00:00;1.45319;1.48955;1.44505;1.4753
2026-02-15 16:00:00;1.52271;1.52444;1.44784;1.45408
2026-02-15 12:00:00;1.56219;1.56594;1.51158;1.52357
2026-02-15 08:00:00;1.64996;1.67102;1.55759;1.56229
2026-02-15 04:00:00;1.5269;1.64991;1.52525;1.6499
2026-02-15 00:00:00;1.50836;1.54426;1.50612;1.52686
2026-02-14 20:00:00;1.49804;1.51344;1.48819;1.50948
2026-02-14 16:00:00;1.46921;1.5002;1.45707;1.49707
2026-02-14 12:00:00;1.47165;1.47714;1.45173;1.46872
2026-02-14 08:00:00;1.42232;1.47335;1.42207;1.47165
2026-02-14 04:00:00;1.41635;1.42532;1.40787;1.42227
2026-02-14 00:00:00;1.40749;1.4181;1.40517;1.41642
2026-02-13 20:00:00;1.41164;1.41658;1.39823;1.40692
2026-02-13 16:00:00;1.40456;1.4284;1.39969;1.41126
2026-02-13 12:00:00;1.36722;1.42148;1.35975;1.40366
2026-02-13 08:00:00;1.35416;1.37249;1.35215;1.36775
2026-02-13 04:00:00;1.36521;1.36785;1.34845;1.35396
2026-02-13 00:00:00;1.36345;1.37174;1.34913;1.36557
2026-02-12 20:00:00;1.36471;1.37022;1.34908;1.36346
2026-02-12 16:00:00;1.37581;1.37931;1.34609;1.36472
2026-02-12 12:00:00;1.40148;1.40271;1.37526;1.37586
2026-02-12 08:00:00;1.3823;1.40806;1.37705;1.40247
2026-02-12 04:00:00;1.37577;1.38788;1.37232;1.38263
2026-02-12 00:00:00;1.36961;1.38636;1.36841;1.37663
2026-02-11 20:00:00;1.3778;1.39721;1.35963;1.36941
2026-02-11 16:00:00;1.35441;1.38683;1.34277;1.3788
2026-02-11 12:00:00;1.37904;1.41041;1.34636;1.35421
2026-02-11 08:00:00;1.36703;1.38048;1.35549;1.37914
2026-02-11 04:00:00;1.40434;1.40892;1.35824;1.36691
2026-02-11 00:00:00;1.39974;1.42043;1.39462;1.40429
2026-02-10 20:00:00;1.40108;1.40487;1.39246;1.3998
2026-02-10 16:00:00;1.40716;1.42918;1.39432;1.40107
2026-02-10 12:00:00;1.40819;1.42594;1.39356;1.40716
2026-02-10 08:00:00;1.42234;1.43563;1.40678;1.40799
2026-02-10 04:00:00;1.43456;1.45197;1.41428;1.42215
2026-02-10 00:00:00;1.43821;1.45304;1.42836;1.43536
2026-02-09 20:00:00;1.45255;1.45874;1.43525;1.43702
2026-02-09 16:00:00;1.44608;1.46401;1.43376;1.45195
2026-02-09 12:00:00;1.39373;1.44985;1.39323;1.44657
2026-02-09 08:00:00;1.42575;1.42991;1.37303;1.39253
2026-02-09 04:00:00;1.45191;1.45522;1.42173;1.42575
2026-02-09 00:00:00;1.43048;1.45439;1.41942;1.45263
2026-02-08 20:00:00;1.45041;1.46284;1.42278;1.43078
2026-02-08 16:00:00;1.43986;1.45264;1.41062;1.45023
2026-02-08 12:00:00;1.45271;1.46921;1.43068;1.43983
2026-02-08 08:00:00;1.42111;1.46256;1.41947;1.45271
2026-02-08 04:00:00;1.41712;1.42583;1.41042;1.42121
2026-02-08 00:00:00;1.42362;1.44189;1.41391;1.41682
2026-02-07 20:00:00;1.43092;1.44128;1.41335;1.42384
2026-02-07 16:00:00;1.41046;1.44836;1.40579;1.43044
2026-02-07 12:00:00;1.39225;1.44;1.39113;1.41079
2026-02-07 08:00:00;1.41334;1.42836;1.38676;1.39233
2026-02-07 04:00:00;1.47321;1.48475;1.40626;1.41351
2026-02-07 00:00:00;1.46968;1.48726;1.43306;1.47351
2026-02-06 20:00:00;1.45508;1.49848;1.43881;1.47049
2026-02-06 16:00:00;1.51314;1.53427;1.43765;1.45678
2026-02-06 12:00:00;1.36841;1.54396;1.3577;1.51297
2026-02-06 08:00:00;1.29363;1.38796;1.28532;1.36729
2026-02-06 04:00:00;1.27004;1.33489;1.26345;1.29223
2026-02-06 00:00:00;1.21455;1.29413;1.11959;1.26984
2026-02-05 20:00:00;1.21356;1.2655;1.13967;1.21513
2026-02-05 16:00:00;1.29668;1.31134;1.20774;1.21321
2026-02-05 12:00:00;1.36524;1.38669;1.26901;1.29645
2026-02-05 08:00:00;1.43286;1.44464;1.34177;1.36504
2026-02-05 04:00:00;1.44315;1.45798;1.41829;1.43236
2026-02-05 00:00:00;1.51201;1.51526;1.43982;1.44307
2026-02-04 20:00:00;1.55465;1.55626;1.49552;1.51181
2026-02-04 16:00:00;1.54392;1.55658;1.50472;1.55465
2026-02-04 12:00:00;1.59269;1.59779;1.5303;1.54382
2026-02-04 08:00:00;1.60559;1.61182;1.57898;1.59214
2026-02-04 04:00:00;1.59926;1.60826;1.58301;1.6054
2026-02-04 00:00:00;1.57907;1.60521;1.5671;1.59926
2026-02-03 20:00:00;1.58092;1.63332;1.56657;1.57901
2026-02-03 16:00:00;1.61832;1.61842;1.52726;1.58172
2026-02-03 12:00:00;1.603;1.62122;1.57942;1.61832
2026-02-03 08:00:00;1.61769;1.62553;1.5954;1.60343
2026-02-03 04:00:00;1.61349;1.62488;1.59916;1.61646
2026-02-03 00:00:00;1.61983;1.62199;1.58851;1.61359
2026-02-02 20:00:00;1.62544;1.63361;1.61304;1.61941
2026-02-02 16:00:00;1.64242;1.65702;1.62542;1.63009
2026-02-02 12:00:00;1.62138;1.65497;1.62119;1.64262
2026-02-02 08:00:00;1.57937;1.62703;1.57937;1.62122
2026-02-02 04:00:00;1.58101;1.59972;1.53139;1.57944
2026-02-02 00:00:00;1.59132;1.6184;1.53086;1.58076
2026-02-01 20:00:00;1.59993;1.61409;1.55261;1.59095
2026-02-01 16:00:00;1.59517;1.62665;1.58197;1.59987
2026-02-01 12:00:00;1.64993;1.65247;1.57666;1.59502
2026-02-01 08:00:00;1.65922;1.67787;1.63239;1.64993
2026-02-01 04:00:00;1.66695;1.67391;1.64739;1.65922
2026-02-01 00:00:00;1.64705;1.67975;1.64382;1.66715
2026-01-31 20:00:00;1.58275;1.65445;1.57186;1.64723
2026-01-31 16:00:00;1.63528;1.6495;1.5032;1.58268
2026-01-31 12:00:00;1.7013;1.70199;1.61363;1.6354
2026-01-31 08:00:00;1.71937;1.72221;1.68081;1.70222
2026-01-31 04:00:00;1.74502;1.74869;1.71253;1.71856
2026-01-31 00:00:00;1.73581;1.75475;1.73336;1.74467
2026-01-30 20:00:00;1.77162;1.77162;1.71806;1.73554
2026-01-30 16:00:00;1.75931;1.78435;1.71275;1.77151
2026-01-30 12:00:00;1.76976;1.78222;1.7421;1.75965
2026-01-30 08:00:00;1.75886;1.77416;1.7338;1.76973
2026-01-30 04:00:00;1.74951;1.77207;1.73038;1.75915
2026-01-30 00:00:00;1.80864;1.8127;1.7128;1.74791
2026-01-29 20:00:00;1.78985;1.81366;1.78646;1.80824
2026-01-29 16:00:00;1.8016;1.84338;1.77814;1.78955
2026-01-29 12:00:00;1.87134;1.87803;1.78685;1.80207
2026-01-29 08:00:00;1.88582;1.8897;1.86755;1.87102
2026-01-29 04:00:00;1.87575;1.88962;1.86549;1.88571
2026-01-29 00:00:00;1.91123;1.91358;1.87059;1.87602
2026-01-28 20:00:00;1.91946;1.9327;1.90702;1.91123
2026-01-28 16:00:00;1.90777;1.92816;1.90114;1.91994
2026-01-28 12:00:00;1.94091;1.94157;1.90157;1.90768
2026-01-28 08:00:00;1.916;1.94168;1.90595;1.9411
2026-01-28 04:00:00;1.90116;1.92479;1.89653;1.9157
2026-01-28 00:00:00;1.91617;1.91901;1.89465;1.90189
2026-01-27 20:00:00;1.90683;1.92856;1.90603;1.91557
2026-01-27 16:00:00;1.89305;1.91573;1.87691;1.90686
2026-01-27 12:00:00;1.88843;1.89632;1.87397;1.89278
2026-01-27 08:00:00;1.89911;1.90267;1.88181;1.88919
2026-01-27 04:00:00;1.9095;1.91757;1.89468;1.89902
2026-01-27 00:00:00;1.90431;1.91631;1.89708;1.90949
2026-01-26 20:00:00;1.90655;1.91215;1.88887;1.90415
2026-01-26 16:00:00;1.92563;1.93838;1.89915;1.90753
2026-01-26 12:00:00;1.89156;1.9458;1.89156;1.92535
2026-01-26 08:00:00;1.88159;1.89701;1.87666;1.89157
2026-01-26 04:00:00;1.86954;1.89472;1.86954;1.88159
2026-01-26 00:00:00;1.83587;1.88822;1.83298;1.86954
2026-01-25 20:00:00;1.81825;1.84081;1.81316;1.83562
2026-01-25 16:00:00;1.8871;1.8871;1.81147;1.81825
2026-01-25 12:00:00;1.90205;1.90333;1.88445;1.88735
2026-01-25 08:00:00;1.89483;1.91198;1.88723;1.90258
2026-01-25 04:00:00;1.90006;1.90388;1.89429;1.89483
2026-01-25 00:00:00;1.91406;1.91746;1.89834;1.9007
2026-01-24 20:00:00;1.91673;1.92327;1.91414;1.91434
2026-01-24 16:00:00;1.91283;1.92107;1.91064;1.91663
2026-01-24 12:00:00;1.91696;1.92411;1.91248;1.91294
2026-01-24 08:00:00;1.91896;1.92135;1.91467;1.91711
2026-01-24 04:00:00;1.92337;1.92821;1.91696;1.91817
2026-01-24 00:00:00;1.91979;1.92682;1.91651;1.92385
2026-01-23 20:00:00;1.92384;1.93026;1.90792;1.91971
2026-01-23 16:00:00;1.92202;1.96557;1.92065;1.92342
2026-01-23 12:00:00;1.91396;1.92291;1.888;1.92156
2026-01-23 08:00:00;1.91459;1.9155;1.90173;1.914
2026-01-23 04:00:00;1.9157;1.92584;1.90333;1.91438
2026-01-23 00:00:00;1.92409;1.9265;1.90901;1.91608
2026-01-22 20:00:00;1.93114;1.93382;1.91618;1.92372
2026-01-22 16:00:00;1.91472;1.93584;1.90571;1.9305
2026-01-22 12:00:00;1.94333;1.94961;1.90203;1.91464
2026-01-22 08:00:00;1.94776;1.96429;1.94276;1.94387
2026-01-22 04:00:00;1.94746;1.95989;1.94625;1.94756
2026-01-22 00:00:00;1.94816;1.9673;1.94195;1.94744
2026-01-21 20:00:00;1.97326;1.98976;1.94;1.94745
2026-01-21 16:00:00;1.958;1.98446;1.87142;1.97328
2026-01-21 12:00:00;1.88974;1.96076;1.88031;1.95808
2026-01-21 08:00:00;1.90951;1.91547;1.8873;1.88974
2026-01-21 04:00:00;1.90323;1.92621;1.90083;1.91014
2026-01-21 00:00:00;1.88975;1.91752;1.88854;1.90324
2026-01-20 20:00:00;1.90262;1.91187;1.86889;1.88971
2026-01-20 16:00:00;1.91785;1.92812;1.89441;1.90263
2026-01-20 12:00:00;1.92969;1.93692;1.91003;1.91785
2026-01-20 08:00:00;1.94944;1.95387;1.92012;1.92929
2026-01-20 04:00:00;1.96252;1.97381;1.94218;1.94948
2026-01-20 00:00:00;1.98642;1.99068;1.95558;1.96252
2026-01-19 20:00:00;2.0135;2.01678;1.9793;1.98615
2026-01-19 16:00:00;1.98154;2.02941;1.98054;2.01354
2026-01-19 12:00:00;1.97268;1.9851;1.96504;1.98143
2026-01-19 08:00:00;1.96315;1.98365;1.95919;1.97275
2026-01-19 04:00:00;1.96774;1.97477;1.95333;1.96312
2026-01-19 00:00:00;1.9919;1.9919;1.8494;1.96774
2026-01-18 20:00:00;2.05312;2.06431;1.98671;1.9919
2026-01-18 16:00:00;2.0505;2.06586;2.04652;2.05378
2026-01-18 12:00:00;2.05495;2.06071;2.04518;2.05052
2026-01-18 08:00:00;2.05234;2.06198;2.05023;2.05494
2026-01-18 04:00:00;2.05848;2.05972;2.04743;2.0521
2026-01-18 00:00:00;2.06298;2.06783;2.04844;2.05842
2026-01-17 20:00:00;2.07339;2.07517;2.0592;2.06325
2026-01-17 16:00:00;2.08171;2.08341;2.06884;2.07339
2026-01-17 12:00:00;2.06213;2.08275;2.05824;2.08171
2026-01-17 08:00:00;2.05817;2.06743;2.05679;2.06178
2026-01-17 04:00:00;2.05583;2.06625;2.05487;2.05814
2026-01-17 00:00:00;2.0677;2.0694;2.05371;2.05635
2026-01-16 20:00:00;2.05509;2.07998;2.04782;2.06763
2026-01-16 16:00:00;2.03254;2.05644;2.03001;2.05469
2026-01-16 12:00:00;2.06534;2.06824;2.02667;2.03284
2026-01-16 08:00:00;2.07373;2.08107;2.0586;2.06545
2026-01-16 04:00:00;2.06501;2.07785;2.05794;2.07373
2026-01-16 00:00:00;2.07856;2.0866;2.06456;2.06458
2026-01-15 20:00:00;2.06482;2.08048;2.05819;2.07916
2026-01-15 16:00:00;2.09523;2.09789;2.0535;2.06569
2026-01-15 12:00:00;2.11151;2.1322;2.06885;2.09653
2026-01-15 08:00:00;2.10119;2.12243;2.09595;2.11177
2026-01-15 04:00:00;2.08819;2.10629;2.08646;2.10098
2026-01-15 00:00:00;2.13922;2.1435;2.08235;2.08852
2026-01-14 20:00:00;2.14556;2.16096;2.13126;2.13885
2026-01-14 16:00:00;2.15573;2.17511;2.12527;2.14575
2026-01-14 12:00:00;2.11518;2.17303;2.11145;2.15568
2026-01-14 08:00:00;2.14804;2.15363;2.11202;2.11532
2026-01-14 04:00:00;2.1834;2.18595;2.13335;2.14803
2026-01-14 00:00:00;2.16536;2.19164;2.15663;2.18346
2026-01-13 20:00:00;2.13931;2.18421;2.11889;2.16492
2026-01-13 16:00:00;2.09949;2.13932;2.08515;2.13932
2026-01-13 12:00:00;2.0607;2.10197;2.05629;2.0989
2026-01-13 08:00:00;2.05342;2.07475;2.05329;2.06068
2026-01-13 04:00:00;2.05034;2.08032;2.0498;2.05344
2026-01-13 00:00:00;2.05399;2.06429;2.04772;2.0503
2026-01-12 20:00:00;2.0695;2.07619;2.04034;2.05385
2026-01-12 16:00:00;2.09337;2.10855;2.05356;2.07068
2026-01-12 12:00:00;2.04909;2.094;2.04053;2.09275
2026-01-12 08:00:00;2.05382;2.06062;2.03505;2.04873
2026-01-12 04:00:00;2.08325;2.09509;2.05201;2.05384
2026-01-12 00:00:00;2.07423;2.10706;2.03666;2.08284
2026-01-11 20:00:00;2.08613;2.08613;2.04545;2.07445
2026-01-11 16:00:00;2.08958;2.1033;2.08547;2.08747
2026-01-11 12:00:00;2.09641;2.10987;2.08452;2.08941
2026-01-11 08:00:00;2.09238;2.09828;2.08804;2.09609
2026-01-11 04:00:00;2.09507;2.09884;2.08636;2.09337
2026-01-11 00:00:00;2.09007;2.09614;2.08656;2.0951
2026-01-10 20:00:00;2.09493;2.09541;2.08367;2.09049
2026-01-10 16:00:00;2.09292;2.10117;2.08805;2.09463
2026-01-10 12:00:00;2.10311;2.11043;2.08757;2.09316
2026-01-10 08:00:00;2.10058;2.10544;2.09032;2.10298
2026-01-10 04:00:00;2.09134;2.10081;2.08031;2.10058
2026-01-10 00:00:00;2.09592;2.10164;2.08723;2.09116
2026-01-09 20:00:00;2.08174;2.10126;2.07621;2.09597
2026-01-09 16:00:00;2.11811;2.1452;2.07664;2.08333
2026-01-09 12:00:00;2.10275;2.1617;2.07966;2.11815
2026-01-09 08:00:00;2.12066;2.12348;2.07245;2.10305
2026-01-09 04:00:00;2.1357;2.14705;2.11977;2.12033
2026-01-09 00:00:00;2.12299;2.14285;2.10878;2.13569
2026-01-08 20:00:00;2.13548;2.14777;2.11357;2.12316
2026-01-08 16:00:00;2.12673;2.16905;2.11244;2.1355
2026-01-08 12:00:00;2.09239;2.12777;2.06636;2.12669
2026-01-08 08:00:00;2.11989;2.13396;2.08198;2.09236
2026-01-08 04:00:00;2.14991;2.17239;2.09773;2.11963
2026-01-08 00:00:00;2.16502;2.19226;2.14565;2.14991
2026-01-07 20:00:00;2.19393;2.19899;2.15225;2.16515
2026-01-07 16:00:00;2.19551;2.22265;2.1709;2.19372
2026-01-07 12:00:00;2.25011;2.25529;2.1838;2.19564
2026-01-07 08:00:00;2.2803;2.29074;2.23298;2.25097
2026-01-07 04:00:00;2.26667;2.28627;2.24493;2.28029
2026-01-07 00:00:00;2.30413;2.3206;2.25633;2.26638
2026-01-06 20:00:00;2.22834;2.31124;2.22781;2.30412
2026-01-06 16:00:00;2.34916;2.35457;2.20525;2.22771
2026-01-06 12:00:00;2.37708;2.39839;2.33504;2.34902
2026-01-06 08:00:00;2.33055;2.37743;2.3254;2.37743
2026-01-06 04:00:00;2.38562;2.40714;2.32152;2.33019
2026-01-06 00:00:00;2.34767;2.41623;2.31649;2.38576
2026-01-05 20:00:00;2.27816;2.36823;2.27726;2.34767
2026-01-05 16:00:00;2.16505;2.28167;2.16455;2.27798
2026-01-05 12:00:00;2.13346;2.16893;2.1119;2.16537
2026-01-05 08:00:00;2.13395;2.15268;2.1257;2.13382
2026-01-05 04:00:00;2.14287;2.14585;2.1087;2.13408
2026-01-05 00:00:00;2.09065;2.16609;2.0878;2.14298
2026-01-04 20:00:00;2.08375;2.10179;2.0796;2.09095
2026-01-04 16:00:00;2.09045;2.10338;2.0725;2.08434
2026-01-04 12:00:00;2.09512;2.12011;2.08171;2.09041
2026-01-04 08:00:00;2.07216;2.09754;2.05975;2.09514
2026-01-04 04:00:00;2.05756;2.08094;2.05302;2.07169
2026-01-04 00:00:00;2.01801;2.06178;2.01752;2.05775
